--
-- PostgreSQL database dump
--

-- Dumped from database version 10.20
-- Dumped by pg_dump version 10.20

SET statement_timeout = 0;
SET lock_timeout = 0;
SET idle_in_transaction_session_timeout = 0;
SET client_encoding = 'UTF8';
SET standard_conforming_strings = on;
SELECT pg_catalog.set_config('search_path', '', false);
SET check_function_bodies = false;
SET xmloption = content;
SET client_min_messages = warning;
SET row_security = off;


SET default_tablespace = '';

SET default_with_oids = false;

--
-- Name: bezirk; Type: TABLE; Schema: public; Owner: postgres
--

CREATE TABLE public.bezirk (
    bezirk_id integer,
    station_id character varying
);


ALTER TABLE public.bezirk OWNER TO uhi_w3;

--
-- Name: history; Type: TABLE; Schema: public; Owner: postgres
--

CREATE TABLE public.history (
    station_id character varying,
    temp numeric,
    windspeed numeric,
    elevation numeric,
    pressure numeric,
    humidity numeric,
    "time" character varying
);


ALTER TABLE public.history OWNER TO uhi_w3;

--
-- Name: station; Type: TABLE; Schema: public; Owner: postgres
--

CREATE TABLE public.station (
    station_id character varying,
    temp numeric,
    windspeed numeric,
    neighborhood character varying,
    lon numeric,
    elevation numeric,
    lat numeric,
    pressure numeric,
    humidity numeric,
    "time" character varying
);


ALTER TABLE public.station OWNER TO uhi_w3;

--
-- Data for Name: bezirk; Type: TABLE DATA; Schema: public; Owner: postgres
--

COPY public.bezirk (bezirk_id, station_id) FROM stdin;
1	IINNER11
1	IINNER9
2	ILEOPO52
2	ILEOPO77
2	ILEOPOLD64
2	ILEOPO31
2	ILEOPO60
2	ILEOPO50
3	ILANDSTR3
3	ILANDS75
3	ILANDS73
4	IWIEDE9
4	IWIEDE3
4	IWIEDE4
4	IWIEDE10
4	IWIEDE13
5	IMARGA1
6	IMARIA11
6	IMARIA18
7	INEUBA1
7	INEUBA8
7	INEUBA7
8	IJOSEFST2
8	IJOSEFST3
9	IALSER5
9	IALSER4
9	IALSER7
9	IALSER6
10	IFAVOR31
10	IFAVOR6
10	IFAVOR14
10	IFAVOR1
10	IFAVOR33
10	IFAVOR34
10	IFAVOR23
10	IFAVOR4
10	IFAVOR22
10	IFAVOR2
10	IFAVOR12
10	IFAVOR5
10	IFAVORIT9
10	IFAVORIT3
10	IFAVORIT5
10	IFAVORIT4
10	IFAVORIT6
11	ISIMME21
11	ISIMME18
11	ISIMME16
11	ISIMME6
11	ISIMME103
11	ISIMME5
11	ISIMME12
11	ISIMME102
11	ISIMME113
11	ISIMME101
13	IHIETZIN11
13	IHIETZIN4
13	IHIETZIN10
13	IHIETZIN9
13	IHIETZIN5
13	IHIETZIN15
13	IHIETZIN12
13	IHIETZ11
13	IHIETZ10
13	IHIETZ7
13	IHIETZ1
13	IHIETZ5
13	IHIETZ9
14	IPENZI11
14	IPENZI6
14	IPENZI5
14	IPENZI8
14	IPENZI10
14	IPENZI21
14	IPENZI42
14	IPENZI34
14	IPENZI27
14	IPENZI33
14	IPENZI40
14	IPENZI31
14	IPENZI50
14	IPENZI4
14	IPENZI47
14	IPENZI49
14	IPENZI14
14	IPENZI39
14	IPENZI16
15	IRUDOL1
15	IRUDOL8
15	IRUDOL2
15	IRUDOLFS106
16	IOTTAK18
16	IOTTAK10
16	IOTTAK12
16	IOTTAK9
16	IOTTAK13
16	IOTTAK3
17	IHERNA15
17	IHERNA14
17	IHERNA18
17	IHERNA5
17	IHERNA12
18	IWHRIN9
18	IWHRIN10
18	IWHRIN2
18	IWHRIN7
18	IWHRIN5
19	IDBLIN4
19	IDBLIN1
19	IDBLIN5
19	IDBLIN6
19	IDBLIN3
19	IDBLIN2
20	IBRIGI11
20	IBRIGI14
20	IBRIGI9
20	IBRIGI5
23	ILIESI2
23	ILIESI8
23	ILIESI18
23	ILIESI19
23	ILIESI17
23	ILIESI30
23	ILIESI11
23	ILIESI3
23	ILIESI29
23	ILIESI32
23	ILIESI24
23	ILIESI21
23	ILIESI5
23	ILIESI10
22	IDONAU98
22	IDONAU83
22	IDONAU116
22	IDONAU59
22	IDONAU61
22	IDONAU77
22	IDONAU88
22	IDONAU48
22	IDONAU9
22	IDONAU86
22	IDONAU63
22	IDONAU36
22	IDONAU113
22	IDONAU87
22	IDONAU100
22	IDONAU99
22	IDONAU102
22	IDONAU15
22	IDONAU69
22	IDONAU89
22	IDONAU79
22	IDONAU50
22	IDONAU96
22	IDONAU117
22	IDONAU45
22	IDONAU114
22	IDONAU55
21	IFLORI1
21	IFLORI98
21	IWIENWIE47
21	IFLORI104
21	IFLORI95
21	IVIENNA342
21	IFLORI81
21	IFLORIDS5
21	IFLORI12
21	IFLORI65
21	IFLORI5
21	IFLORI61
21	IFLORI113
21	IFLORI109
21	IFLORIDS3
21	IFLORIDS6
21	IFLORI81
21	IFLORI62
12	IMEIDL15
12	IMEIDL6
12	IMEIDL16
12	IMEIDL7
12	IMEIDL9
12	IMEIDL10
12	IMEIDL17
12	IMEIDLIN2
12	IMEIDLIN5
12	IMEIDLIN4
12	IMEIDLIN7
15	IRUDOLFS16
4	IWIENWIE24
6	IMARIAHI2
23	IWIENWIE54
21	IWIENWIE61
2	IVIENNA315
3	IWIENWIE37
20	IBRIGI19
16	IOTTAK19
22	IDONAU3
22	IDONAU61
22	IDONAU122
22	IDONAU123
22	IDONAU124
22	IDONAU129
22	IDONAU133
22	IDONAU134
22	IDONAU137
22	IDONAU138
22	IDONAU140
10	IFAVOR35
21	IFLORI18
21	IFLORI40
21	IFLORI88
21	IFLORI89
21	IFLORI99
21	IFLORI118
21	IFLORI119
21	IFLORI120
21	IFLORI121
21	IFLORI127
21	IFLORI129
21	IFLORI131
21	IFLORI132
21	IFLORI134
17	IHERNA17
13	IHIETZ8
13	IHIETZ16
3	ILANDS104
2	ILEOPO83
23	ILIESI26
23	ILIESI35
12	IMEIDL20
12	IMEIDLIN8
7	INEUBA9
14	IPENZI53
14	IPENZI55
15	IRUDOL18
15	IRUDOL31
11	ISIMMERI7
11	ISIMMERI11
3	IWIENWIE4
14	IWIENWIE7
17	IWIENWIE13
22	IWIENWIE15
16	IWIENWIE21
22	IWIENWIE25
16	IWIENWIE59
13	IWIENWIE71
11	IWIENWIE80
11	IWIENWIE84
\.


--
-- Data for Name: history; Type: TABLE DATA; Schema: public; Owner: postgres
--

COPY public.history (station_id, temp, windspeed, elevation, pressure, humidity, "time") FROM stdin;
ILIESI19	7.9	7.4	1014.22	58.5	71	2022-11-21 13:00:52
IHIETZ10	6.7	6.9	1007.62	304.8	79	2022-11-21 13:00:51
IDONAU63	8.5	1.3	1009.82	46.9	71	2022-11-21 13:00:42
IFAVORIT4	7.4	11.6	1026.18	195.1	52	2022-11-21 13:00:52
IFAVOR33	7.3	7.2	979.04	255.7	73	2022-11-21 13:00:50
IWIENWIE37	8.8	\N	1008.8	178.9	72	2022-11-21 12:46:00
IBRIGI19	8.1	1.8	1003.12	153.9	71	2022-11-21 13:00:39
IDONAU137	7.1	6.1	988.52	47.2	73	2022-11-21 13:00:52
IFLORI40	8.6	\N	999.32	161.8	88	2022-11-21 13:00:09
IFLORI119	7.9	0	998.24	173.7	74	2022-11-21 13:00:38
IINNER11	8.1	9.3	989.33	185.9	70	2022-11-21 13:00:37
ILEOPO31	8.3	0	1000	52.1	64	2022-11-21 13:00:51
IFAVOR23	9.4	0	1011.85	181.1	76	2022-11-21 13:00:54
ILIESI18	8.3	10	1005.08	199.9	70	2022-11-21 13:00:54
IFLORIDS3	7.9	8.7	1009.82	164.9	71	2022-11-21 13:00:35
IPENZI27	7.5	5	1006.1	248.1	74	2022-11-21 13:00:47
IPENZI21	7.5	13	990.93	230.1	75	2022-11-21 13:00:47
IDONAU48	8	1.8	1004.44	155.1	77	2022-11-21 13:00:49
IPENZI47	7.3	4.2	1005.08	69.8	79	2022-11-21 13:00:54
IRUDOL31	7.4	13.4	989.13	65.8	74	2022-11-21 13:00:41
IDONAU140	8.1	12.6	991.13	153.9	72	2022-11-21 13:00:50
IFLORI18	\N	\N	\N	0	\N	2022-11-21 13:00:48
IFLORI120	8.2	10.5	995.6	46.3	73	2022-11-21 13:00:02
IDONAU124	8.2	11.1	988.83	156.1	71	2022-11-21 13:00:54
IPENZI5	7.7	0.3	1004.84	278.9	79	2022-11-21 13:00:53
IFLORI131	7.9	0	1005.08	48.5	77	2022-11-21 13:00:55
IHERNA17	7.5	2.1	1000.68	89.6	72	2022-11-21 13:00:52
IHIETZ16	7.6	20.1	1012.53	66.1	74	2022-11-21 13:00:03
INEUBA9	7.6	8.6	1007.01	66.1	74	2022-11-21 13:00:50
IPENZI55	7	0.6	972.74	259.1	77	2022-11-21 13:00:46
ISIMMERI11	8.8	7.2	997.12	177.7	72	2022-11-21 13:00:45
IWIENWIE7	6.9	12.9	1006.3	207.9	74	2022-11-21 12:50:00
IWIENWIE25	8.2	3.2	1005.76	159.1	69	2022-11-21 13:00:30
IWIENWIE71	7.6	0.6	1007.48	225.9	74	2022-11-21 13:00:00
ILEOPOLD64	8.6	7.9	1006.64	157	67	2022-11-21 13:00:52
ILANDS75	8.9	\N	\N	60.7	74	2022-11-21 13:00:56
INEUBA8	17.4	\N	1014.56	66.1	58	2022-11-21 13:00:31
IDONAU89	7.9	7.6	1002.44	47.2	74	2022-11-21 13:00:57
ISIMME103	8.1	7.9	982.59	181.1	74	2022-11-21 13:00:55
IFLORI109	8.1	1.4	1008.43	167	73	2022-11-21 13:01:00
IDONAU100	8.2	18.7	1008.03	47.5	58	2022-11-21 13:00:52
IPENZI40	6.3	6.1	1003.42	324.9	80	2022-11-21 13:01:01
IPENZI34	4.9	0	1006.54	230.1	93	2022-11-21 12:39:39
IDBLIN2	7.9	14	991.87	230.1	70	2022-11-21 13:00:57
IDBLIN6	8	7.9	997.63	258.8	75	2022-11-21 13:01:02
IPENZI42	6.7	1.8	971.83	91.7	79	2022-11-21 13:00:51
IDONAU117	8.3	11.7	1005.1	160.9	67	2022-11-21 13:01:02
ILIESI5	7.9	11.9	1045.04	217	72	2022-11-21 13:00:55
IWIENWIE54	8.3	1.1	1008.8	230.1	76	2022-11-21 12:43:00
IDBLIN4	8.3	8.7	1019.98	216.1	73	2022-11-21 13:00:59
ILIESI30	7.2	2.9	1012.43	266.7	75	2022-11-21 13:00:51
IPENZI10	7.2	1.4	998.92	242	81	2022-11-21 13:00:50
IDONAU15	8.2	14.6	1007.79	156.1	73	2022-11-21 13:00:59
IDONAU59	8.1	4	995.63	152.1	75	2022-11-21 13:00:58
IMARGA1	8.3	11.7	991.87	191.1	69	2022-11-21 13:01:01
IDONAU113	8.5	2.5	\N	153	72	2022-11-21 13:00:45
IPENZI39	7.4	10.8	1005.08	68.3	76	2022-11-21 13:00:59
ISIMME6	9	\N	1006.71	167.9	64	2022-11-21 13:00:51
IBRIGI14	8.2	3.2	1021	170.1	72	2022-11-21 13:00:22
IDONAU123	8.3	2.7	1008.47	155.1	72	2022-11-21 13:00:53
IFLORI88	7.8	6.4	986.42	159.1	72	2022-11-21 13:00:39
ILIESI2	7.4	12.2	1006.1	242.9	73	2022-11-21 13:00:59
IFAVOR35	8	6.8	1006.43	185.9	72	2022-11-21 13:01:04
IFLORI132	7.7	16.1	995.26	164.6	75	2022-11-21 13:01:04
IPENZI4	7.3	0	1017.14	262.1	83	2022-11-21 13:00:59
IWIENWIE61	0	\N	\N	160	0	2022-11-21 13:00:08
IFLORI89	8	1.1	1007.82	160	75	2022-11-21 13:00:57
IFLORI127	7.7	19.8	1005.76	159.1	70	2022-11-21 13:01:04
IFAVOR22	7.9	7.2	983.71	181.1	70	2022-11-21 13:01:03
IFLORI118	8	1.4	1008.84	160	73	2022-11-21 13:00:44
IHIETZ8	7.5	1.4	990.72	264	75	2022-11-21 13:01:05
IHIETZIN11	8	9.3	1004.54	210	77	2022-11-21 13:01:01
IMARIA11	7.9	18.7	993.13	199	73	2022-11-21 13:01:01
IPENZI49	7.2	5.5	1006.94	244.1	77	2022-11-21 13:01:05
ILIESI3	8.5	1.8	1007.11	0	73	2022-11-21 13:01:01
IDONAU138	8	0.3	999.73	156.1	71	2022-11-21 13:01:08
ILANDS104	7.4	39.3	1006.84	157.9	72	2022-11-21 13:00:54
ILIESI26	7.8	0	1000	52.1	72	2022-11-21 13:01:07
IDONAU83	8	4.7	1008.94	157.9	73	2022-11-21 13:01:04
IPENZI6	7	0.3	1012.43	73.2	77	2022-11-21 13:00:56
IDONAU55	7.7	\N	987.81	156.1	73	2022-11-21 13:01:09
IDONAU50	8.2	4.3	1002.34	163.1	73	2022-11-21 13:01:03
IHERNA12	7.3	0.6	996.82	277.1	80	2022-11-21 13:01:09
IPENZI31	7.4	12.6	1005.08	71.6	72	2022-11-21 13:00:52
IDONAU114	7.9	13	1008.23	153	74	2022-11-21 13:01:03
IFLORI99	7.7	15.4	1008.13	164	74	2022-11-21 13:01:06
IFLORI134	8	9.7	1007.48	48.5	75	2022-11-21 12:58:59
ILIESI35	7.6	11.1	1003.05	242	76	2022-11-21 13:01:08
IWIENWIE21	7.1	0	1008.47	285	77	2022-11-21 13:00:25
IWHRIN10	8	0	1005.08	228	78	2022-11-21 13:01:06
IMEIDL20	7.7	9	983.03	210.9	74	2022-11-21 13:01:16
IPENZI53	6.2	10.3	969.52	417.9	83	2022-11-21 13:01:16
IWIENWIE4	8.3	11.3	1006.6	192	68	2022-11-21 13:01:16
IWIENWIE15	8.3	6.4	1007.45	156.1	72	2022-11-21 13:00:13
IWIENWIE59	8	5.8	1008.81	214.9	34	2022-11-21 13:01:10
IWIENWIE84	9	11.1	1014.02	155.1	62	2022-11-21 13:01:19
ILIESI17	\N	\N	976.97	75.3	\N	2022-11-21 13:01:19
IFLORI121	8.4	6.4	1017.95	48.8	72	2022-11-21 13:01:18
IDONAU116	8.4	7.1	998.31	153	70	2022-11-21 13:01:18
IDONAU9	8.2	4	990.11	155.1	72	2022-11-21 13:01:21
IDONAU87	8	9.3	987.03	153.9	73	2022-11-21 13:01:12
IHIETZIN15	7.2	9	986.83	224.9	80	2022-11-21 13:01:17
ILEOPO52	8.3	4.7	1005.08	1.8	72	2022-11-21 13:01:21
IDONAU69	8.5	2.6	1015.92	36.6	74	2022-11-21 13:01:09
IDONAU129	8.6	14.8	1006.77	47.2	73	2022-11-21 12:58:59
IPENZI8	22.2	\N	1008.13	253	\N	2022-11-21 13:01:19
IOTTAK19	7	21.9	1006.94	76.2	75	2022-11-21 13:01:12
IDONAU61	8.1	10.8	1000	153.9	71	2022-11-21 13:01:24
IRUDOL2	7.2	29.5	1003.05	238	10	2022-11-21 13:01:16
IOTTAK10	7.6	10.8	1006.77	210	70	2022-11-21 13:01:12
IOTTAK12	7.7	14	1006.1	212.1	73	2022-11-21 13:01:23
IOTTAK3	7.7	10.1	981.14	224	74	2022-11-21 13:01:15
IHERNA15	6.7	1.6	1007.11	396.8	75	2022-11-21 13:00:31
IHERNA14	7.9	13.7	1004.34	210	73	2022-11-21 13:01:14
IHERNA18	8	6.1	1007.21	205.1	72	2022-11-21 13:01:14
IHERNA5	8	5	995.23	205.1	73	2022-11-21 13:01:24
IALSER4	8.2	7.2	986.83	175.9	73	2022-11-21 13:01:15
IALSER5	8.4	7.6	1002.03	180.1	74	2022-11-21 13:00:57
IFAVOR6	7.7	6.1	1022.82	217.9	72	2022-11-21 13:01:16
IFAVOR31	7.6	9.4	977.31	139	74	2022-11-21 13:01:12
IWIEDE13	7.8	14	1004.34	171.9	72	2022-11-21 13:01:27
IWHRIN5	7.9	0	1015.92	224	66	2022-11-21 13:01:24
IFAVORIT6	7.3	6.4	1008.53	184.1	76	2022-11-21 13:01:25
IFAVOR1	8.4	0.3	991.87	214	74	2022-11-21 13:01:31
IFAVORIT3	7.7	13.7	1006.23	239.3	75	2022-11-21 13:01:27
IOTTAK13	7.7	2.9	1010.23	217	74	2022-11-21 13:01:31
INEUBA7	8	7.9	1004.74	214	69	2022-11-21 13:01:28
ILANDS73	7.9	1.1	999.73	60.7	72	2022-11-21 13:01:20
IJOSEFST3	8	0	997.97	210	73	2022-11-21 13:01:24
INEUBA1	8.1	5.3	1005.08	203	72	2022-11-21 13:01:31
IWIEDE3	8.1	9.7	1000.68	60.4	75	2022-11-21 13:01:01
IFLORI1	7.7	4.7	993.57	160	99	2022-11-21 13:01:20
IFAVOR5	7.1	0	1021.91	231	76	2022-11-21 13:01:31
ILEOPO60	8.4	0	988.32	166.1	72	2022-11-21 13:01:06
IFAVOR2	8.1	4.7	1004.06	196	72	2022-11-21 13:01:30
IFAVOR12	8	5	1008.23	54.6	73	2022-11-21 13:01:31
IWIEDE10	7.8	14	989.03	170.7	72	2022-11-21 13:01:31
IWIEDE9	7.8	12.2	982.32	64	73	2022-11-21 13:01:18
ILEOPO77	7.4	29.2	1077.41	50.6	72	2022-11-21 13:01:23
IINNER9	8	0	1004.06	57.3	70	2022-11-21 13:01:30
IALSER7	8.1	15	998.98	193.9	69	2022-11-21 13:01:30
IHIETZ1	7.5	2.7	1004.06	260	74	2022-11-21 13:01:32
ISIMME21	9.1	0.3	987.74	171.9	69	2022-11-21 13:01:23
ISIMME113	8.1	4	1001.02	52.4	71	2022-11-21 13:01:23
IDBLIN1	7.5	6.1	993.84	272.2	76	2022-11-21 13:01:31
IBRIGI9	8.1	10.1	\N	180.1	62	2022-11-21 13:00:00
IHIETZIN5	\N	\N	981.71	200.9	\N	2022-11-21 13:00:38
IHIETZIN12	7.5	3.2	998.98	224.9	80	2022-11-21 13:01:26
ISIMME101	8.2	11.1	985.13	171.9	71	2022-11-21 13:01:24
IHIETZ7	7.1	4.3	1002.81	48.8	78	2022-11-21 13:01:34
IMEIDLIN4	7.4	16.1	1007.15	225.9	74	2022-11-21 13:00:06
IHIETZ11	7.2	8.9	998.98	271.9	77	2022-11-21 13:01:30
IWIENWIE47	8.8	18	\N	161.8	44	2022-11-21 13:01:32
IHIETZIN9	7.1	2.5	1017.95	234.7	77	2022-11-21 13:01:30
IFLORI12	8.3	11.6	991.64	0	76	2022-11-21 13:01:37
IFLORI61	7.8	0	1005.76	160.9	73	2022-11-21 13:00:43
IDBLIN3	7.8	13.7	1001.02	46.9	73	2022-11-21 13:01:31
IMARIAHI2	11.3	\N	23.37	199	73.9	2022-11-21 13:00:53
IFLORIDS5	8.9	7.1	1002.24	159.7	63	2022-11-21 13:00:00
IFAVORIT5	7.6	15.6	\N	242.9	74	2022-11-21 13:00:00
ISIMME102	8.1	11.6	985.03	181.1	74	2022-11-21 13:01:38
ILIESI21	8.1	5.8	1007.62	203.9	73	2022-11-21 13:01:31
IFLORI65	8	4.3	1007.62	39.6	75	2022-11-21 13:01:33
IBRIGI11	8.3	1.4	995.73	160.9	71	2022-11-21 13:01:32
IWHRIN9	8.1	1.8	1014.02	548.6	71	2022-11-21 13:01:35
IRUDOL8	7.2	22.4	980.73	73.2	10	2022-11-21 13:01:30
IDONAU61	8.1	18.7	1000	153.9	71	2022-11-21 13:01:37
IMEIDLIN2	7.8	6.4	1006.98	200.9	72	2022-11-21 13:00:31
ILEOPO83	8.1	7.9	990.11	161.8	73	2022-11-21 13:01:18
IDONAU88	8	33.8	1007.62	160	74	2022-11-21 13:01:34
IDONAU86	8.2	6.4	998.98	153.9	73	2022-11-21 13:01:07
IDONAU36	8	13	1017.03	153	75	2022-11-21 13:01:36
IDONAU102	8.1	4.7	1008.13	164	68	2022-11-21 13:01:41
IFLORI104	8.3	14	1003.39	50.9	70	2022-11-21 13:01:36
IFLORI95	8.3	11.4	1021	160.9	72	2022-11-21 13:01:42
IFLORI62	7.9	6.1	1006.13	159.1	76	2022-11-21 13:01:36
ISIMME16	8.3	9.7	996.24	150	72	2022-11-21 13:01:41
IJOSEFST2	8	0	992.89	189	99	2022-11-21 13:01:36
IPENZI8	22.2	\N	1008.13	253	\N	2022-11-21 13:01:19
IPENZI11	7.3	12.2	1008.84	256	77	2022-11-21 13:01:34
IFLORIDS6	7.8	7.9	1006.77	161.8	77	2022-11-21 13:01:35
ISIMME6	9	\N	1006.71	167.9	64	2022-11-21 13:01:22
IDONAU79	8.5	1.4	990.32	61	69	2022-11-21 13:01:36
\.


--
-- Data for Name: station; Type: TABLE DATA; Schema: public; Owner: postgres
--

COPY public.station (station_id, temp, windspeed, neighborhood, lon, elevation, lat, pressure, humidity, "time") FROM stdin;
IHIETZ10	6.7	6.9	Hietzing	16.259558	304.8	48.172721	1007.62	79	2022-11-21 13:00:51
IDONAU63	8.5	1.3	Donaustadt	16.44	46.9	48.217	1009.82	71	2022-11-21 13:00:42
IFAVORIT4	7.4	11.6	Favoriten, n├ñhe Raxstra├ƒe	16.36714	195.1	48.168415	1026.18	52	2022-11-21 13:00:52
IFAVOR33	7.3	7.2	Favoriten	16.404	255.7	48.153	979.04	73	2022-11-21 13:00:50
IWIENWIE37	8.8	\N	Erdberg	16.39599	178.9	48.198257	1008.8	72	2022-11-21 12:46:00
IBRIGI19	8.1	1.8	Brigittenau	16.376	153.9	48.247	1003.12	71	2022-11-21 13:00:39
IDONAU3	\N	0	Donaustadt	16.452	\N	48.219002	\N	\N	\N
IDONAU137	7.1	6.1	Donaustadt	16.501206	47.2	48.225699	988.52	73	2022-11-21 13:00:52
IFLORI40	8.6	\N	Floridsdorf	16.411516	161.8	48.293575	999.32	88	2022-11-21 13:00:09
IFLORI119	7.9	0	Floridsdorf	16.391684	173.7	48.291083	998.24	74	2022-11-21 13:00:38
ILIESI19	7.9	7.4	Liesing	16.32845	58.5	48.149409	1014.22	71	2022-11-21 13:00:52
IINNER11	8.1	9.3	Innere Stadt	16.375	185.9	48.21	989.33	70	2022-11-21 13:00:37
ILEOPO31	8.3	0	Leopoldstadt	16.394	52.1	48.223	1000	64	2022-11-21 13:00:51
IFAVOR23	9.4	0	Favoriten	16.401	181.1	48.138	1011.85	76	2022-11-21 13:00:54
ILIESI18	8.3	10	Liesing	16.325	199.9	48.151	1005.08	70	2022-11-21 13:00:54
IFLORIDS3	7.9	8.7	Orasteig	16.408058	164.9	48.300259	1009.82	71	2022-11-21 13:00:35
IPENZI27	7.5	5	Penzing	16.302155	248.1	48.20403	1006.1	74	2022-11-21 13:00:47
IPENZI21	7.5	13	Penzing	16.277178	230.1	48.197689	990.93	75	2022-11-21 13:00:47
IDONAU48	8	1.8	Donaustadt	16.499343	155.1	48.28354	1004.44	77	2022-11-21 13:00:49
IPENZI47	7.3	4.2	Penzing	16.214	69.8	48.212	1005.08	79	2022-11-21 13:00:54
IRUDOL31	7.4	13.4	Rudolfsheim-F├╝nfhaus	16.330353	65.8	48.198239	989.13	74	2022-11-21 13:00:41
IDONAU140	8.1	12.6	Donaustadt	16.47	153.9	48.199	991.13	72	2022-11-21 13:00:50
IFLORI18	\N	\N	Floridsdorf	16.448	0	48.285	\N	\N	2022-11-21 13:00:48
IFLORI120	8.2	10.5	Floridsdorf	16.381425	46.3	48.262416	995.6	73	2022-11-21 13:00:02
IDONAU124	8.2	11.1	Donaustadt	16.488	156.1	48.247	988.83	71	2022-11-21 13:00:54
IPENZI5	7.7	0.3	Penzing	16.249001	278.9	48.208	1004.84	79	2022-11-21 13:00:53
IFLORI131	7.9	0	Floridsdorf	16.438546	48.5	48.278278	1005.08	77	2022-11-21 13:00:55
IHERNA17	7.5	2.1	Hernals	16.289492	89.6	48.234644	1000.68	72	2022-11-21 13:00:52
IHIETZ16	7.6	20.1	Hietzing	16.293042	66.1	48.166935	1012.53	74	2022-11-21 13:00:03
IMEIDLIN8	\N	0	Meidling	16.32966	\N	48.173244	\N	\N	\N
INEUBA9	7.6	8.6	Neubau	16.34	66.1	48.196	1007.01	74	2022-11-21 13:00:50
IPENZI55	7	0.6	Penzing	16.240838	259.1	48.213208	972.74	77	2022-11-21 13:00:46
ISIMMERI11	8.8	7.2	Wien Simmering	16.420202	177.7	48.165253	997.12	72	2022-11-21 13:00:45
IWIENWIE7	6.9	12.9	1140 Wien Huetteldorf / Allianz-Stadion	16.26726	207.9	48.194515	1006.3	74	2022-11-21 12:50:00
IWIENWIE25	8.2	3.2	1220 Wien Kagran	16.44593	159.1	48.235439	1005.76	69	2022-11-21 13:00:30
IWIENWIE71	7.6	0.6	1130 Wien, Roter Berg	16.276093	225.9	48.18008	1007.48	74	2022-11-21 13:00:00
ILEOPOLD64	8.6	7.9	KGV Unterer Prater	16.434299	157	48.18755	1006.64	67	2022-11-21 13:00:52
ILANDS75	8.9	\N	Landstra├ƒe	16.389	60.7	48.194	\N	74	2022-11-21 13:00:56
INEUBA8	17.4	\N	Neubau	16.339228	66.1	48.196724	1014.56	58	2022-11-21 13:00:31
IDONAU89	7.9	7.6	Donaustadt	16.53	47.2	48.245	1002.44	74	2022-11-21 13:00:57
IMARIA18	\N	0	Mariahilf	16.356001	\N	48.198002	\N	\N	\N
IOTTAK9	\N	0	\N	0	\N	0	\N	\N	\N
ISIMME103	8.1	7.9	Simmering	16.421	181.1	48.165	982.59	74	2022-11-21 13:00:55
IFLORI109	8.1	1.4	Floridsdorf	16.393245	167	48.265573	1008.43	73	2022-11-21 13:01:00
IPENZI33	\N	0	Penzing	16.29	\N	48.196	\N	\N	\N
IDONAU100	8.2	18.7	Donaustadt	16.491103	47.5	48.248885	1008.03	58	2022-11-21 13:00:52
IPENZI40	6.3	6.1	Penzing	16.262	324.9	48.209	1003.42	80	2022-11-21 13:01:01
IPENZI34	4.9	0	Penzing	16.221	230.1	48.212	1006.54	93	2022-11-21 12:39:39
IDBLIN2	7.9	14	D├Âbling	16.334	230.1	48.242	991.87	70	2022-11-21 13:00:57
IPENZI14	\N	0	Penzing	16.236	\N	48.208	\N	\N	\N
IDBLIN6	8	7.9	D├Âbling	16.327299	258.8	48.248555	997.63	75	2022-11-21 13:01:02
IPENZI42	6.7	1.8	Penzing	16.24	91.7	48.222	971.83	79	2022-11-21 13:00:51
IFAVOR14	\N	0	Favoriten	16.376889	\N	48.142757	\N	\N	\N
IDONAU117	8.3	11.7	Donaustadt	16.442151	160.9	48.243344	1005.1	67	2022-11-21 13:01:02
ILIESI5	7.9	11.9	Liesing	16.298	217	48.136002	1045.04	72	2022-11-21 13:00:55
IWIENWIE54	8.3	1.1	Liesing	16.278238	230.1	48.133953	1008.8	76	2022-11-21 12:43:00
IDBLIN4	8.3	8.7	D├Âbling	16.339661	216.1	48.250882	1019.98	73	2022-11-21 13:00:59
ILIESI30	7.2	2.9	Liesing	16.263	266.7	48.148	1012.43	75	2022-11-21 13:00:51
IPENZI10	7.2	1.4	Penzing	16.23336	242	48.213791	998.92	81	2022-11-21 13:00:50
IDONAU15	8.2	14.6	Donaustadt	16.465	156.1	48.221001	1007.79	73	2022-11-21 13:00:59
IDONAU59	8.1	4	Donaustadt	16.51094	152.1	48.203483	995.63	75	2022-11-21 13:00:58
IMARGA1	8.3	11.7	Margareten	16.351	191.1	48.183998	991.87	69	2022-11-21 13:01:01
IDONAU113	8.5	2.5	Donaustadt	16.47175	153	48.223661	\N	72	2022-11-21 13:00:45
IPENZI39	7.4	10.8	Penzing	16.227	68.3	48.214	1005.08	76	2022-11-21 13:00:59
IBRIGI14	8.2	3.2	Brigittenau	16.366483	170.1	48.234725	1021	72	2022-11-21 13:00:22
ISIMME6	9	\N	Simmering	16.427999	167.9	48.162998	1006.71	64	2022-11-21 13:01:22
IFLORI88	7.8	6.4	Floridsdorf	16.434	159.1	48.261	986.42	72	2022-11-21 13:00:39
ILIESI2	7.4	12.2	Liesing	16.276514	242.9	48.150898	1006.1	73	2022-11-21 13:00:59
IFAVOR35	8	6.8	Favoriten	16.346	185.9	48.154	1006.43	72	2022-11-21 13:01:04
IWIEDE4	\N	0	Wieden	16.371	\N	48.186	\N	\N	\N
IFLORI132	7.7	16.1	Floridsdorf	16.443	164.6	48.283	995.26	75	2022-11-21 13:01:04
IPENZI4	7.3	0	Penzing	16.219999	262.1	48.212002	1017.14	83	2022-11-21 13:00:59
IWIENWIE61	0	\N	Heinrich v Buol Gasse	16.426514	160	48.264557	\N	0	2022-11-21 13:00:08
IFLORI89	8	1.1	Floridsdorf	16.413427	160	48.294362	1007.82	75	2022-11-21 13:00:57
IFLORI127	7.7	19.8	Floridsdorf	16.433	159.1	48.288	1005.76	70	2022-11-21 13:01:04
IFAVOR22	7.9	7.2	Favoriten	16.398375	181.1	48.141492	983.71	70	2022-11-21 13:01:03
IFAVOR34	\N	0	Favoriten	16.38476	\N	48.159217	\N	\N	\N
IFLORI118	8	1.4	Floridsdorf	16.438457	160	48.287256	1008.84	73	2022-11-21 13:00:44
IHIETZ8	7.5	1.4	Hietzing	16.262989	264	48.182438	990.72	75	2022-11-21 13:01:05
IFLORI129	\N	0	Floridsdorf	16.429	\N	48.257	\N	\N	\N
IHIETZIN11	8	9.3	KGV Wattmanngasse	16.294506	210	48.1754	1004.54	77	2022-11-21 13:01:01
IMARIA11	7.9	18.7	Mariahilf	16.348	199	48.194	993.13	73	2022-11-21 13:01:01
IPENZI49	7.2	5.5	Penzing	16.288	244.1	48.205	1006.94	77	2022-11-21 13:01:05
ILIESI3	8.5	1.8	Liesing	16.285999	0	48.136002	1007.11	73	2022-11-21 13:01:01
IDONAU138	8	0.3	Donaustadt	16.452	156.1	48.234	999.73	71	2022-11-21 13:01:08
ILANDS104	7.4	39.3	Landstra├ƒe	16.411	157.9	48.195	1006.84	72	2022-11-21 13:00:54
ILIESI26	7.8	0	Liesing	16.313563	52.1	48.152439	1000	72	2022-11-21 13:01:07
IDONAU83	8	4.7	Donaustadt	16.451	157.9	48.211	1008.94	73	2022-11-21 13:01:04
IPENZI6	7	0.3	Penzing	16.238001	73.2	48.214001	1012.43	77	2022-11-21 13:00:56
IOTTAK18	\N	0	Ottakring	16.290072	\N	48.215323	\N	\N	\N
IDONAU55	7.7	\N	Donaustadt	16.504062	156.1	48.207419	987.81	73	2022-11-21 13:01:09
IDONAU50	8.2	4.3	Donaustadt	16.483116	163.1	48.244864	1002.34	73	2022-11-21 13:01:03
IDONAU133	\N	0	Donaustadt	16.469	\N	48.217	\N	\N	\N
IHERNA12	7.3	0.6	Hernals	16.292999	277.1	48.227001	996.82	80	2022-11-21 13:01:09
IMEIDLIN5	\N	0	Vienna Schloeglgasse	16.314322	\N	48.167595	\N	\N	\N
IMEIDLIN5	\N	0	Vienna Schloeglgasse	16.314322	\N	48.167595	\N	\N	\N
IPENZI31	7.4	12.6	Penzing	16.309717	71.6	48.199195	1005.08	72	2022-11-21 13:00:52
IHIETZ9	\N	0	Hietzing	16.267574	\N	48.159023	\N	\N	\N
IDONAU114	7.9	13	Donaustadt	16.474	153	48.215	1008.23	74	2022-11-21 13:01:03
IDONAU134	\N	0	Donaustadt	16.464074	\N	48.211001	\N	\N	\N
IFLORI99	7.7	15.4	Floridsdorf	16.397	164	48.255	1008.13	74	2022-11-21 13:01:06
IFLORI134	8	9.7	Floridsdorf	16.407681	48.5	48.249149	1007.48	75	2022-11-21 12:58:59
ILIESI35	7.6	11.1	Liesing	16.277	242	48.152	1003.05	76	2022-11-21 13:01:08
IRUDOL18	\N	0	Rudolfsheim-FÔö£ÔòØnfhaus	16.333675	\N	48.189875	\N	\N	\N
IWIENWIE21	7.1	0	1160 Wien Ottakring / Kuffner Sternwarte	16.290981	285	48.212631	1008.47	77	2022-11-21 13:00:25
IWHRIN10	8	0	W├ñhring	16.325	228	48.235	1005.08	78	2022-11-21 13:01:06
IDONAU99	\N	0	Donaustadt	16.478	\N	48.249	\N	\N	\N
IMEIDL20	7.7	9	Meidling	16.295174	210.9	48.155724	983.03	74	2022-11-21 13:01:16
IPENZI53	6.2	10.3	Penzing	16.217563	417.9	48.247837	969.52	83	2022-11-21 13:01:16
ISIMMERI7	\N	0	My Home	16.436579	\N	48.162064	\N	\N	\N
IWIENWIE4	8.3	11.3	1030 Wien	16.385303	192	48.1931	1006.6	68	2022-11-21 13:01:16
IWIENWIE13	\N	0	Schafberg	16.305052	\N	48.234421	\N	\N	\N
IWIENWIE15	8.3	6.4	Austria, Vienna, Aspern, Lobau	16.495178	156.1	48.215488	1007.45	72	2022-11-21 13:00:13
IWIENWIE59	8	5.8	Ottakring	16.320766	214.9	48.210873	1008.81	34	2022-11-21 13:01:10
IFLORI81	\N	0	Floridsdorf	16.442	\N	48.262	\N	\N	\N
IFLORI81	\N	0	Floridsdorf	16.442	\N	48.262	\N	\N	\N
IWIENWIE80	\N	0	Wien Simmering	16.432947	\N	48.174854	\N	\N	\N
IWIENWIE84	9	11.1	Wien, Simmering, Lindenbauergasse	16.425856	155.1	48.175602	1014.02	62	2022-11-21 13:01:19
ILIESI17	\N	\N	Liesing	16.269	75.3	48.137	976.97	\N	2022-11-21 13:01:19
IFLORI121	8.4	6.4	Floridsdorf	16.426	48.8	48.274	1017.95	72	2022-11-21 13:01:18
IDONAU116	8.4	7.1	Donaustadt	16.466603	153	48.219466	998.31	70	2022-11-21 13:01:18
IDONAU9	8.2	4	Donaustadt	16.517	155.1	48.209999	990.11	72	2022-11-21 13:01:21
IDONAU87	8	9.3	Donaustadt	16.437059	153.9	48.21866	987.03	73	2022-11-21 13:01:12
IHIETZIN15	7.2	9	sonni	16.238377	224.9	48.198784	986.83	80	2022-11-21 13:01:17
IHIETZIN10	\N	0	\N	0	\N	0	\N	\N	\N
IWHRIN7	\N	0	WÔö£├▒hring	16.341	\N	48.224	\N	\N	\N
ILEOPO52	8.3	4.7	Leopoldstadt	16.37	1.8	48.224	1005.08	72	2022-11-21 13:01:21
IDONAU69	8.5	2.6	Donaustadt	16.482811	36.6	48.222553	1015.92	74	2022-11-21 13:01:09
IDONAU123	8.3	2.7	Donaustadt	16.471	155.1	48.245	1008.47	72	2022-11-21 13:00:53
IDONAU129	8.6	14.8	Donaustadt	16.54	47.2	48.21	1006.77	73	2022-11-21 12:58:59
IPENZI8	22.2	\N	Penzing	16.248861	253	48.214233	1008.13	\N	2022-11-21 13:01:19
IOTTAK19	7	21.9	Ottakring	16.295255	76.2	48.218524	1006.94	75	2022-11-21 13:01:12
IFAVORIT9	\N	0	NÔö£├▒he Herzpassage:Fernkorngasse/Inzersdorferstrasse	16.36289	\N	48.172752	\N	\N	\N
IDONAU61	8.1	18.7	Donaustadt	16.535	153.9	48.259	1000	71	2022-11-21 13:01:37
IOTTAK10	7.6	10.8	Ottakring	16.336	210	48.204	1006.77	70	2022-11-21 13:01:12
IOTTAK12	7.7	14	Ottakring	16.33	212.1	48.208	1006.1	73	2022-11-21 13:01:23
IOTTAK3	7.7	10.1	Ottakring	16.316999	224	48.209999	981.14	74	2022-11-21 13:01:15
IHERNA15	6.7	1.6	Hernals	16.284342	396.8	48.230239	1007.11	75	2022-11-21 13:00:31
IHERNA14	7.9	13.7	Hernals	16.339	210	48.218	1004.34	73	2022-11-21 13:01:14
IHERNA18	8	6.1	Hernals	16.33	205.1	48.224	1007.21	72	2022-11-21 13:01:14
IHERNA5	8	5	Hernals	16.329	205.1	48.220001	995.23	73	2022-11-21 13:01:24
IALSER4	8.2	7.2	Alsergrund	16.359	175.9	48.218	986.83	73	2022-11-21 13:01:15
IALSER5	8.4	7.6	Alsergrund	16.35607	180.1	48.230805	1002.03	74	2022-11-21 13:00:57
IFAVOR6	7.7	6.1	Favoriten	16.367001	217.9	48.174	1022.82	72	2022-11-21 13:01:16
IFAVOR31	7.6	9.4	Favoriten	16.369259	139	48.161879	977.31	74	2022-11-21 13:01:12
IWIEDE13	7.8	14	Wieden	16.367	171.9	48.198	1004.34	72	2022-11-21 13:01:27
ILANDSTR3	\N	0	\N	16.396326	\N	48.200794	\N	\N	\N
IRUDOLFS106	\N	0	\N	0	\N	0	\N	\N	\N
IWHRIN5	7.9	0	W├ñhring	16.337	224	48.223	1015.92	66	2022-11-21 13:01:24
IFAVORIT6	7.3	6.4	Raxstr. / Laxenburgerstr.	16.367952	184.1	48.165203	1008.53	76	2022-11-21 13:01:25
IFAVOR1	8.4	0.3	Favoriten	16.365999	214	48.175999	991.87	74	2022-11-21 13:01:31
IFAVORIT3	7.7	13.7	Reumannplatz	16.377188	239.3	48.172951	1006.23	75	2022-11-21 13:01:27
IOTTAK13	7.7	2.9	Ottakring	16.317429	217	48.220293	1010.23	74	2022-11-21 13:01:31
INEUBA7	8	7.9	Neubau	16.354	214	48.202	1004.74	69	2022-11-21 13:01:28
ILANDS73	7.9	1.1	Landstra├ƒe	16.388842	60.7	48.186463	999.73	72	2022-11-21 13:01:20
IJOSEFST3	8	0	Hamerlingplatz Dachterasse	16.34565	210	48.211609	997.97	73	2022-11-21 13:01:24
INEUBA1	8.1	5.3	Neubau	16.351999	203	48.205002	1005.08	72	2022-11-21 13:01:31
IWIEDE3	8.1	9.7	Wieden	16.374	60.4	48.188	1000.68	75	2022-11-21 13:01:01
IFLORI1	7.7	4.7	Floridsdorf	16.426445	160	48.264481	993.57	99	2022-11-21 13:01:20
IFAVOR5	7.1	0	Favoriten	16.358999	231	48.172001	1021.91	76	2022-11-21 13:01:31
ILIESI8	\N	0	Liesing	16.280001	\N	48.161999	\N	\N	\N
ILEOPO60	8.4	0	Leopoldstadt	16.422097	166.1	48.19503	988.32	72	2022-11-21 13:01:06
IFAVOR2	8.1	4.7	Favoriten	16.379675	196	48.182697	1004.06	72	2022-11-21 13:01:30
IFAVOR12	8	5	Favoriten	16.386	54.6	48.142	1008.23	73	2022-11-21 13:01:31
IWIEDE10	7.8	14	Wieden	16.366	170.7	48.196	989.03	72	2022-11-21 13:01:31
IWIEDE9	7.8	12.2	Wieden	16.378957	64	48.191982	982.32	73	2022-11-21 13:01:18
ILEOPO77	7.4	29.2	Leopoldstadt	16.415852	50.6	48.197203	1077.41	72	2022-11-21 13:01:23
IINNER9	8	0	Innere Stadt	16.365996	57.3	48.206241	1004.06	70	2022-11-21 13:01:30
IALSER7	8.1	15	Alsergrund	16.346	193.9	48.217	998.98	69	2022-11-21 13:01:30
IHIETZ1	7.5	2.7	Hietzing	16.27	260	48.159	1004.06	74	2022-11-21 13:01:32
ISIMME21	9.1	0.3	Simmering	16.463776	171.9	48.154215	987.74	69	2022-11-21 13:01:23
IWIENWIE24	\N	0	1040 Wien Wieden / Theresianum	16.368816	\N	48.192505	\N	\N	\N
ISIMME113	8.1	4	Simmering	16.422	52.4	48.167	1001.02	71	2022-11-21 13:01:23
IDBLIN1	7.5	6.1	D├Âbling	16.33	272.2	48.245	993.84	76	2022-11-21 13:01:31
IBRIGI9	8.1	10.1	Brigittenau	16.364	180.1	48.232	\N	62	2022-11-21 13:00:00
IHIETZIN5	\N	\N	Vienna	16.281799	200.9	48.187351	981.71	\N	2022-11-21 13:00:38
IHIETZIN12	7.5	3.2	Paradies	16.238447	224.9	48.198795	998.98	80	2022-11-21 13:01:26
ISIMME5	\N	0	Simmering	16.43236	\N	48.172901	\N	\N	\N
ISIMME101	8.2	11.1	Simmering	16.456413	171.9	48.149145	985.13	71	2022-11-21 13:01:24
IHIETZ7	7.1	4.3	Hietzing	16.258852	48.8	48.168449	1002.81	78	2022-11-21 13:01:34
IMEIDLIN4	7.4	16.1	Hetzendorf	16.300293	225.9	48.168571	1007.15	74	2022-11-21 13:00:06
IHIETZ11	7.2	8.9	Hietzing	16.2607	271.9	48.188174	998.98	77	2022-11-21 13:01:30
IWIENWIE47	8.8	18	Wien Floridsdorf	16.393816	161.8	48.267601	\N	44	2022-11-21 13:01:32
IVIENNA342	\N	0	Satzingerweg	16.419762	\N	48.256226	\N	\N	\N
IHIETZIN9	7.1	2.5	au.home	16.236717	234.7	48.199123	1017.95	77	2022-11-21 13:01:30
IFLORI12	8.3	11.6	Floridsdorf	16.375	0	48.272999	991.64	76	2022-11-21 13:01:37
IFLORI5	\N	0	Floridsdorf	16.444525	\N	48.284679	\N	\N	\N
IFLORI61	7.8	0	Floridsdorf	16.419083	160.9	48.28051	1005.76	73	2022-11-21 13:00:43
IDBLIN3	7.8	13.7	D├Âbling	16.346	46.9	48.287	1001.02	73	2022-11-21 13:01:31
IMARIAHI2	11.3	\N	Wien Test	16.342028	199	48.19178	23.37	73.9	2022-11-21 13:00:53
IFLORIDS5	8.9	7.1	Leopoldau	16.430721	159.7	48.258255	1002.24	63	2022-11-21 13:00:00
IFAVORIT5	7.6	15.6	LAAERBERG	16.393698	242.9	48.15366	\N	74	2022-11-21 13:00:00
ISIMME102	8.1	11.6	Simmering	16.421	181.1	48.165	985.03	74	2022-11-21 13:01:38
ILIESI21	8.1	5.8	Liesing	16.311257	203.9	48.147004	1007.62	73	2022-11-21 13:01:31
IFLORI65	8	4.3	Floridsdorf	16.389	39.6	48.285	1007.62	75	2022-11-21 13:01:33
IBRIGI11	8.3	1.4	Brigittenau	16.388	160.9	48.235	995.73	71	2022-11-21 13:01:32
IWHRIN9	8.1	1.8	W├ñhring	16.348	548.6	48.225	1014.02	71	2022-11-21 13:01:35
IRUDOL8	7.2	22.4	Rudolfsheim-F├╝nfhaus	16.326	73.2	48.197	980.73	10	2022-11-21 13:01:30
IRUDOL1	\N	0	Rudolfsheim-FÔö£ÔòØnfhaus	16.335823	\N	48.191963	\N	\N	\N
IDONAU61	8.1	18.7	Donaustadt	16.535	153.9	48.259	1000	71	2022-11-21 13:01:37
IRUDOL2	7.2	29.5	Rudolfsheim-F├╝nfhaus	16.325016	238	48.1982	1003.05	10	2022-11-21 13:01:16
IRUDOLFS16	\N	0	City	16.329683	\N	48.197884	\N	\N	\N
IFAVORIT9	\N	0	NÔö£├▒he Herzpassage:Fernkorngasse/Inzersdorferstrasse	16.36289	\N	48.172752	\N	\N	\N
IPENZI8	22.2	\N	Penzing	16.248861	253	48.214233	1008.13	\N	2022-11-21 13:01:19
IPENZI11	7.3	12.2	Penzing	16.289454	256	48.204418	1008.84	77	2022-11-21 13:01:34
IFLORIDS6	7.8	7.9	Stammersdorf	16.440182	161.8	48.291214	1006.77	77	2022-11-21 13:01:35
ISIMME6	9	\N	Simmering	16.427999	167.9	48.162998	1006.71	64	2022-11-21 13:01:22
IDONAU79	8.5	1.4	Donaustadt	16.54185	61	48.212568	990.32	69	2022-11-21 13:01:36
IDONAU96	8.2	4.3	Donaustadt	16.503	46.6	48.24	1007.42	74	2022-11-21 12:59:48
IDONAU77	8.1	8.7	Donaustadt	16.487	47.9	48.221	989.33	72	2022-11-21 12:59:52
IALSER6	9.7	\N	Alsergrund	16.364	175.9	48.225	1009.6	68	2022-11-21 12:49:25
IHIETZ5	8.4	\N	Hietzing	16.277	210	48.191002	1002.71	75	2022-11-21 12:59:15
IFAVOR4	9.4	\N	Favoriten	16.391233	213.1	48.150589	995.6	57	2022-11-21 12:59:11
IMEIDL10	7.7	6.1	Meidling	16.324	214.9	48.173	1005.08	72	2022-11-21 12:59:54
IMEIDL16	8	6.1	Meidling	16.314762	62.2	48.159033	999.42	73	2022-11-21 12:59:58
ILIESI10	\N	0	Liesing	16.349739	\N	48.148354	\N	\N	\N
IMEIDLIN7	\N	0	Gartenfreunde XII	16.333403	\N	48.16684	\N	\N	\N
ILIESI11	7.7	6.1	Liesing	16.266001	239	48.133999	994.92	71	2022-11-21 12:59:54
IFLORI98	8	11.6	Floridsdorf	16.394779	49.4	48.257625	1006.54	73	2022-11-21 12:59:48
ILIESI29	\N	0	Liesing	16.263	\N	48.148	\N	\N	\N
IMEIDL15	7.6	4	Meidling	16.327	216.1	48.169	994.92	72	2022-11-21 12:59:43
IWHRIN2	9.2	\N	W├ñhring	16.337	210	48.221001	1002.71	53	2022-11-21 12:59:14
IDBLIN5	7.6	8.2	D├Âbling	16.335	78.3	48.26	992.72	74	2022-11-21 13:00:00
ISIMME18	8.7	3.5	Simmering	16.476	49.1	48.167	1012.87	71	2022-11-21 12:59:43
IMEIDLIN2	7.8	6.4	Sagedergasse 21A	16.316477	200.9	48.160477	1006.98	72	2022-11-21 13:00:31
ILEOPO83	8.1	7.9	Leopoldstadt	16.412614	161.8	48.198087	990.11	73	2022-11-21 13:01:18
IMEIDL7	8	6.4	Meidling	16.32	198.1	48.162	997.63	74	2022-11-21 12:59:43
IVIENNA315	\N	0	Gredlerstrasse 2	16.378267	\N	48.213295	\N	\N	\N
ISIMME12	\N	0	Simmering	16.408779	\N	48.173377	\N	\N	\N
ILIESI32	8.5	4.7	Liesing	16.295205	210.9	48.148586	998.98	72	2022-11-21 12:59:42
IDONAU98	8	0.6	Donaustadt	16.495	155.1	48.278	986.52	74	2022-11-21 12:59:45
IMEIDL17	8.2	0	Meidling	16.332	189.9	48.16	1005.08	72	2022-11-21 12:59:43
IDONAU88	8	33.8	Donaustadt	16.441312	160	48.216135	1007.62	74	2022-11-21 13:01:34
IPENZI16	\N	0	\N	0	\N	0	\N	\N	\N
IDONAU86	8.2	6.4	Donaustadt	16.437387	153.9	48.220469	998.98	73	2022-11-21 13:01:07
IMEIDL9	\N	0	Meidling	16.299	\N	48.166	\N	\N	\N
IHIETZIN4	7.1	4.3	Lainzer Tiergarten	16.235384	248.1	48.196812	1002.37	85	2022-11-21 12:59:43
ILIESI24	\N	0	Liesing	16.323	\N	48.152	\N	\N	\N
IDONAU122	7.9	8.2	Donaustadt	16.443	46.9	48.231	1006.43	73	2022-11-21 12:59:52
IPENZI50	7.5	1.1	Penzing	16.211	235	48.211	1006.9	81	2022-11-21 12:51:00
IDONAU36	8	13	Donaustadt	16.533001	153	48.226002	1017.03	75	2022-11-21 13:01:36
IDONAU102	8.1	4.7	Donaustadt	16.438	164	48.258	1008.13	68	2022-11-21 13:01:41
IDONAU45	\N	0	Donaustadt	16.54094	\N	48.21066	\N	\N	\N
IFLORI104	8.3	14	Floridsdorf	16.387657	50.9	48.270313	1003.39	70	2022-11-21 13:01:36
IFLORI95	8.3	11.4	Floridsdorf	16.379052	160.9	48.270844	1021	72	2022-11-21 13:01:42
IFLORI62	7.9	6.1	Floridsdorf	16.405	159.1	48.243	1006.13	76	2022-11-21 13:01:36
IFLORI113	\N	0	Floridsdorf	16.392196	\N	48.273809	\N	\N	\N
ISIMME16	8.3	9.7	Simmering	16.436863	150	48.171031	996.24	72	2022-11-21 13:01:41
IJOSEFST2	8	0	Town	16.351828	189	48.207394	992.89	99	2022-11-21 13:01:36
IMEIDL6	10.6	\N	Meidling	16.337	207.9	48.175999	990.52	65	2022-11-21 12:59:30
IBRIGI5	9.8	\N	Brigittenau	16.374001	161.8	48.249001	1032.85	71	2022-11-21 12:59:39
\.


--
-- PostgreSQL database dump complete
--

